country_iso3	country_name	candidate_status	epoch_id	epoch_label	epoch_type	start_year	end_year	primary_series_type	booster_type	prn_in_formulation	source_citation	confidence_level	n_years_in_epoch	n_retained_genomes	n_prn_interpretable	n_prn_disrupted	n_prn_intact	n_prn_uninterpretable_or_uncertain	n_disrupted_is481	n_disrupted_rearrangement	n_disrupted_other	reported_cases_epoch	ipw_weight_total_epoch	ipw_weighted_disrupted_epoch	naive_prevalence	ipw_prevalence	bound_lower_prevalence	bound_upper_prevalence	bound_width	informative_epoch	stable_bounds_epoch	comparable_epoch	stage1_primary_epoch	n_new_local_origins_in_epoch	n_active_local_origin_packages_by_epoch_end	first_local_origin_year	first_prn_detection_year	has_local_origin_by_epoch_end	has_prn_detection_by_epoch_end	country_mechanism_anchor	n_local_rooted_package_reruns	n_local_rooted_consistent_packages	n_package_level_hard_anchors	eligibility_status	eligibility_notes
AUS	Australia	original_candidate	aus_wp_only	Whole-cell era	wP_only	1945	1996	wP_only	wP_or_unspecified_boosters	no	Australian Immunisation Handbook pertussis chapter	high	52	16	13	8	5	3	0	0	0	0.0	50.95774681609249	38.59358339249994	0.6153846153846154	0.7573644009768513	0.5	0.6875	0.1875	True	True	True	True	0	0		1971.0	False	True	none	0	0	0	stage1_primary_epoch	passes_stage1_default_epoch_rule
AUS	Australia	original_candidate	aus_transition_mixed	Booster-only acellular transition period	transition_mixed	1997	1998	wP_primary_plus_aP_boosters	aP_boosters	mixed	Australian Immunisation Handbook pertussis chapter	high	2	7	5	3	2	2	0	0	0	0.0	22.195443009067922	15.251711097550164	0.6	0.6871550656285209	0.42857142857142855	0.7142857142857143	0.28571428571428575	False	True	False	False	0	0		1971.0	False	True	none	0	0	0	boundary_epoch	insufficient_interpretable_genomes; mixed_or_partial_prn_epoch; transition_epoch
AUS	Australia	original_candidate	aus_ap_with_prn	All-dose acellular era with PRN exposure	aP_with_PRN	1999	2025	aP_with_PRN	dTpa_or_DTPa_with_PRN	yes	Australian Immunisation Handbook pertussis chapter	high	27	38	25	8	17	13	2	1	0	301560.0	64.66114734398414	31.16961497093311	0.32	0.4820454979729497	0.21052631578947367	0.5526315789473685	0.3421052631578948	True	True	True	True	0	0		1971.0	False	True	recurrent_architecture	0	0	0	stage1_primary_epoch	passes_stage1_default_epoch_rule; has_country_level_structure_reuse
BRA	Brazil	promoted_from_screening	bra_mixed_prn	Mixed PRN-containing acellular / booster era	mixed_brand_heterogeneous	2014	2024	mixed_brand_heterogeneous	dtap_or_tdap_prn_positive	mixed	Brazil Ministry of Health dTpa page; 2024 national schedule instruction; Ministry pages for maternal dTpa use	medium	11	8	8	8	0	0	5	3	0	7438.0	40.70668996948128	40.70668996948128	1.0	1.0	1.0	1.0	0.0	True	True	True	True	0	0		2024.0	False	True	recurrent_architecture	0	0	0	stage1_primary_epoch	promoted_from_screening; passes_stage1_default_epoch_rule; has_country_level_structure_reuse; mixed_or_partial_prn_epoch
CHN	China	promoted_from_screening	chn_wp_only	Whole-cell routine vaccination era	wP_only	1978	2004	wP_only	wP_or_unspecified_boosters	no	China CDC pertussis vaccine immunoprophylaxis page	high	27	4	0	0	0	4	0	0	0	6407.0	0.0	0.0			0.0	1.0	1.0	False	False	False	False	0	0		2022.0	False	False	none	0	0	0	boundary_epoch	promoted_from_screening; insufficient_interpretable_genomes
CHN	China	promoted_from_screening	chn_transition_mixed	DTaP introduction and mixed transition period	transition_mixed	2005	2011	mixed_brand_heterogeneous	mixed_brand_heterogeneous	mixed	China CDC pertussis vaccine immunoprophylaxis page; Emerging Infectious Diseases review of China vaccine transition	medium	7	0	0	0	0	0	0	0	0	0.0	0.0	0.0						False	False	False	False	0	0		2022.0	False	False	none	0	0	0	boundary_epoch	promoted_from_screening; insufficient_interpretable_genomes; mixed_or_partial_prn_epoch; transition_epoch
CHN	China	promoted_from_screening	chn_ap_mixed	Post-switch acellular era with mixed PRN exposure	mixed_brand_heterogeneous	2012	2025	mixed_brand_heterogeneous	mixed_brand_heterogeneous	mixed	China CDC pertussis vaccine immunoprophylaxis page; Shenzhen Kangtai DTaP-Hib-IPV product page; recent China vaccine genomics and review papers	medium	14	847	711	13	698	136	7	1	5	650031.0	185.2498650136826	14.41683289816994	0.01828410689170183	0.07782371607722957	0.015348288075560802	0.17591499409681227	0.16056670602125148	True	True	True	True	0	0		2022.0	False	True	recurrent_architecture	0	0	0	stage1_primary_epoch	promoted_from_screening; passes_stage1_default_epoch_rule; has_country_level_structure_reuse; mixed_or_partial_prn_epoch
CZE	Czechia	promoted_from_screening	cze_ap_prn_positive	PRN-positive acellular era	aP_with_PRN	2007	2017	ap_prn_positive	ap_prn_positive	yes	Czech 2018 hexavaccine recommendation; EMA Infanrix hexa	medium	11	9	9	0	9	0	0	0	0	4611.0	19.028806196461066	0.0	0.0	0.0	0.0	0.0	0.0	True	True	True	True	0	0			False	False	none	0	0	0	stage1_primary_epoch	promoted_from_screening; passes_stage1_default_epoch_rule
ESP	Spain	original_candidate	esp_wp_only	Whole-cell routine vaccination era	wP_only	1986	1997	wP_only	wP_or_unspecified_boosters	no	Spanish pertactin-deficiency study	medium	12	0	0	0	0	0	0	0	0	0.0	0.0	0.0						False	False	False	False	0	0			False	False	none	0	0	0	boundary_epoch	insufficient_interpretable_genomes
ESP	Spain	original_candidate	esp_transition_mixed	Mixed WCV/ACV transition period	transition_mixed	1998	2005	wP_primary_plus_ACV_boosters	ACV_boosters	mixed	Spanish pertactin-deficiency study	medium	8	0	0	0	0	0	0	0	0	0.0	0.0	0.0						False	False	False	False	0	0			False	False	none	0	0	0	boundary_epoch	insufficient_interpretable_genomes; mixed_or_partial_prn_epoch; transition_epoch
ESP	Spain	original_candidate	esp_ap_with_prn	Exclusive ACV era with PRN exposure	aP_with_PRN	2006	2012	aP_with_PRN	aP_with_PRN	yes	Spanish pertactin-deficiency study	medium	7	1	1	0	1	0	0	0	0	739.0	1.042308508605608	0.0	0.0	0.0	0.0	0.0	0.0	False	True	False	False	0	0			False	False	none	0	0	0	boundary_epoch	insufficient_interpretable_genomes
ESP	Spain	original_candidate	esp_booster_modified_uncertain	Late ACV era with partial regional PRN-free use	booster_modified_or_uncertain	2013	2025	aP_with_PRN_or_partial_PRN_free	aP_with_PRN_or_partial_PRN_free	partial	Spanish pertactin-deficiency study	medium	13	8	7	0	7	1	0	0	0	33672.0	0.0	0.0	0.0		0.0	0.125	0.125	False	True	False	False	0	0			False	False	none	0	0	0	boundary_epoch	insufficient_interpretable_genomes; mixed_or_partial_prn_epoch
FIN	Finland	original_candidate	fin_wp_only	Whole-cell primary vaccination era	wP_only	1952	2004	wP_only	wP_or_mixed_boosters	no	Finnish epidemiology study documenting the 2005 replacement of whole-cell vaccine by acellular vaccine	high	53	13	3	0	3	10	0	0	0	3475.0	0.0	0.0	0.0		0.0	0.7692307692307693	0.7692307692307693	False	False	False	False	0	0			False	False	none	0	0	0	boundary_epoch	insufficient_interpretable_genomes
FIN	Finland	original_candidate	fin_ap_without_prn	Two-component acellular era without PRN	aP_without_PRN	2005	2008	aP_PT_FHA_only	adolescent_booster_present	no	Finnish epidemiology study documenting the 2005 replacement of whole-cell vaccine by acellular vaccine; Finnish antigen-expression study describing PT/FHA-only followed by PT/FHA/PRN acellular vaccine use	high	4	3	0	0	0	3	0	0	0	535.0	0.0	0.0			0.0	1.0	1.0	False	False	False	False	0	0			False	False	none	0	0	0	boundary_epoch	insufficient_interpretable_genomes; prn_free_epoch
FIN	Finland	original_candidate	fin_ap_with_prn	Three-component acellular era with PRN	aP_with_PRN	2009	2025	aP_PT_FHA_PRN	adolescent_booster_present	yes	Finnish antigen-expression study describing PT/FHA-only followed by PT/FHA/PRN acellular vaccine use	high	17	4	4	0	4	0	0	0	0	432.0	4.59542835096787	0.0	0.0	0.0	0.0	0.0	0.0	False	True	False	False	0	0			False	False	none	0	0	0	boundary_epoch	insufficient_interpretable_genomes
FRA	France	promoted_from_screening	fra_wp_only	Whole-cell routine vaccination era	wP_only	1959	1997	wP_only	wP_or_unspecified_boosters	no	French Bordetella evolution study	high	39	4	0	0	0	4	0	0	0	0.0	0.0	0.0			0.0	1.0	1.0	False	False	False	False	0	0		2009.0	False	False	none	1	1	0	boundary_epoch	promoted_from_screening; insufficient_interpretable_genomes
FRA	France	promoted_from_screening	fra_ap_mixed	Mixed-brand acellular era	mixed_brand_heterogeneous	1998	2024	mixed_brand_heterogeneous	mixed_brand_heterogeneous	mixed	French Bordetella evolution study; French 2024 vaccination calendar; EMA Infanrix Hexa; EMA Hexyon; Merck VAXELIS PI	medium	27	18	14	1	13	4	1	0	0	548.0	30.959302034833755	1.044383053707846	0.07142857142857142	0.03373406327225213	0.05555555555555555	0.2777777777777778	0.22222222222222224	True	True	True	True	0	0		2009.0	False	True	none	1	1	0	stage1_primary_epoch	promoted_from_screening; passes_stage1_default_epoch_rule; mixed_or_partial_prn_epoch
GBR	United Kingdom	promoted_from_screening	gbr_wp_only	Whole-cell routine vaccination era	wP_only	1950	2003	wP_only	wP_or_unspecified_boosters	no	UKHSA vaccine timeline; pertussis immunisation history review	high	54	14	8	0	8	6	0	0	0	1570.0	12.033445734622832	0.0	0.0	0.0	0.0	0.42857142857142855	0.42857142857142855	True	True	True	True	0	0			False	False	none	0	0	0	stage1_primary_epoch	promoted_from_screening; passes_stage1_default_epoch_rule
GBR	United Kingdom	promoted_from_screening	gbr_ap_prn_positive	Acellular routine vaccination era with PRN exposure	aP_with_PRN	2004	2024	ap_prn_positive	ap_prn_positive	yes	UKHSA hexavalent programme guidance; GOV.UK pertussis vaccine use; EMA Infanrix Hexa; Merck VAXELIS PI	high	21	15	9	0	9	6	0	0	0	15176.0	56.407633432583495	0.0	0.0	0.0	0.0	0.4	0.4	True	True	True	True	0	0			False	False	none	0	0	0	stage1_primary_epoch	promoted_from_screening; passes_stage1_default_epoch_rule
JPN	Japan	original_candidate	jpn_pre2012_mixed_ap	Historical acellular era with mixed PRN exposure	booster_modified_or_uncertain	1981	2011	aP_mixed_PRN_exposure	aP_mixed_PRN_exposure	mixed	Japanese PRN-deficient surveillance study; CDC review of pertactin-deficient expansion	medium	31	30	23	5	18	7	0	0	0	41878.0	49.670322056814186	24.192675076217277	0.21739130434782608	0.4870649932276476	0.16666666666666666	0.4	0.23333333333333336	True	True	True	True	0	0		1988.0	False	True	none	0	0	0	stage1_primary_epoch	passes_stage1_default_epoch_rule; mixed_or_partial_prn_epoch
JPN	Japan	original_candidate	jpn_ap_without_prn	Post-switch acellular era without PRN	aP_without_PRN	2012	2025	aP_without_PRN	aP_without_PRN	no	National Institute of Public Health Japan report on pertussis-containing vaccine antigen composition; Japanese PRN-deficient surveillance study; CDC review of pertactin-deficient expansion; PMDA TRIBIK product information; PMDA GOBIK product information	high	14	52	47	2	45	5	2	0	0	45763.0	55.89513950396711	2.01524276804558	0.0425531914893617	0.03605398941535068	0.038461538461538464	0.1346153846153846	0.09615384615384615	True	True	True	True	0	0		1988.0	False	True	none	0	0	0	stage1_primary_epoch	passes_stage1_default_epoch_rule; prn_free_epoch
NLD	Netherlands (Kingdom of the)	promoted_from_screening	nld_ap_prn_positive	PRN-positive acellular era	aP_with_PRN	2005	2024	ap_prn_positive	ap_prn_positive	yes	RIVM programme-change history; RIVM vaccine information leaflets; RIVM what is in a vaccine page; EMA Vaxelis	medium	20	4	4	1	3	0	1	0	0	16464.0	4.168852318449952	1.0414208412381785	0.25	0.24980996247557072	0.25	0.25	0.0	False	True	False	False	0	0		2010.0	False	True	none	0	0	0	boundary_epoch	promoted_from_screening; insufficient_interpretable_genomes
NZL	New Zealand	promoted_from_screening	nzl_wp_only	Long whole-cell schedule era	wP_only	1958	1999	wP_only	wP_with_15_month_booster	no	Health New Zealand immunisation history	high	42	12	12	0	12	0	0	0	0	0.0	12.051908300364424	0.0	0.0	0.0	0.0	0.0	0.0	True	True	True	True	0	0	2012.0	2012.0	False	False	none	0	0	0	stage1_primary_epoch	promoted_from_screening; passes_stage1_default_epoch_rule
NZL	New Zealand	promoted_from_screening	nzl_ap_with_prn	Acellular schedule era with PRN-containing products	aP_with_PRN	2000	2025	aP_with_PRN	Boostrix_and_Infanrix_family_with_PRN	yes	Health New Zealand immunisation history; Medsafe INFANRIX HEXA datasheet; Health NZ school booster standards	high	26	51	51	23	28	0	20	1	2	38167.0	53.15631619208977	24.786708062423504	0.45098039215686275	0.46629845403229864	0.45098039215686275	0.45098039215686275	0.0	True	True	True	True	2	2	2012.0	2012.0	True	True	recurrent_architecture	0	0	0	stage1_primary_epoch	promoted_from_screening; passes_stage1_default_epoch_rule; has_country_level_structure_reuse
USA	United States	original_candidate	usa_wp_only	Whole-cell routine vaccination era	wP_only	1935	1996	wP_only	wP_or_unspecified_boosters	no	CDC ACIP 2018 pertussis recommendations	high	62	23	21	6	15	2	0	0	0	0.0	76.6970968229392	38.60018035470438	0.2857142857142857	0.5032808535610636	0.2608695652173913	0.34782608695652173	0.08695652173913043	True	True	True	True	0	0	2010.0	1939.0	False	True	package_level	2	1	1	stage1_primary_epoch	passes_stage1_default_epoch_rule; has_package_level_anchor
USA	United States	original_candidate	usa_transition_mixed	DTaP-preferred transition period	transition_mixed	1997	1999	mixed_brand_heterogeneous	mixed_brand_heterogeneous	mixed	CDC 1997 ACIP DTaP recommendations; CDC ACIP 2018 pertussis recommendations	medium	3	9	6	2	4	3	0	0	0	0.0	47.199944300807275	14.29982301797844	0.3333333333333333	0.30296270959230487	0.2222222222222222	0.5555555555555556	0.33333333333333337	False	True	False	False	0	0	2010.0	1939.0	False	True	package_level	2	1	1	boundary_epoch	insufficient_interpretable_genomes; has_package_level_anchor; mixed_or_partial_prn_epoch; transition_epoch
USA	United States	original_candidate	usa_ap_prn_background	Sustained acellular background with PRN exposure	aP_with_PRN	2000	2025	aP_mixed_to_PRN_exposed	Tdap_or_DTaP_PRN_exposed	yes	CDC ACIP 2018 pertussis recommendations; FDA INFANRIX; Merck VAXELIS PI	high	26	919	881	509	372	38	326	164	11	377730.0	1401.901742223121	740.1729499599435	0.5777525539160046	0.5279777659639577	0.5538628944504896	0.5952121871599565	0.041349292709466856	True	True	True	True	6	6	2010.0	1939.0	True	True	package_level	2	1	1	stage1_primary_epoch	passes_stage1_default_epoch_rule; has_package_level_anchor
